filename,label
Damaged/damaged_228.jpg,0
Damaged/damaged_214.jpg,0
Damaged/damaged_572.jpg,0
Damaged/damaged_566.jpg,0
Damaged/damaged_200.jpg,0
Damaged/damaged_599.jpg,0
Damaged/damaged_29.jpg,0
Damaged/damaged_15.jpg,0
Damaged/damaged_604.jpg,0
Damaged/damaged_162.jpg,0
Damaged/damaged_176.jpg,0
Damaged/damaged_610.jpg,0
Damaged/damaged_189.jpg,0
Damaged/damaged_348.jpg,0
Damaged/damaged_360.jpg,0
Damaged/damaged_406.jpg,0
Damaged/damaged_412.jpg,0
Damaged/damaged_374.jpg,0
Damaged/damaged_413.jpg,0
Damaged/damaged_375.jpg,0
Damaged/damaged_361.jpg,0
Damaged/damaged_407.jpg,0
Damaged/damaged_349.jpg,0
Damaged/damaged_188.jpg,0
Damaged/damaged_177.jpg,0
Damaged/damaged_611.jpg,0
Damaged/damaged_605.jpg,0
Damaged/damaged_163.jpg,0
Damaged/damaged_14.jpg,0
Damaged/damaged_28.jpg,0
Damaged/damaged_598.jpg,0
Damaged/damaged_567.jpg,0
Damaged/damaged_201.jpg,0
Damaged/damaged_215.jpg,0
Damaged/damaged_573.jpg,0
Damaged/damaged_229.jpg,0
Damaged/damaged_559.jpg,0
Damaged/damaged_203.jpg,0
Damaged/damaged_565.jpg,0
Damaged/damaged_571.jpg,0
Damaged/damaged_217.jpg,0
Damaged/damaged_16.jpg,0
Damaged/damaged_149.jpg,0
Damaged/damaged_613.jpg,0
Damaged/damaged_175.jpg,0
Damaged/damaged_161.jpg,0
Damaged/damaged_607.jpg,0
Damaged/damaged_439.jpg,0
Damaged/damaged_377.jpg,0
Damaged/damaged_411.jpg,0
Damaged/damaged_405.jpg,0
Damaged/damaged_363.jpg,0
Damaged/damaged_388.jpg,0
Damaged/damaged_389.jpg,0
Damaged/damaged_404.jpg,0
Damaged/damaged_362.jpg,0
Damaged/damaged_376.jpg,0
Damaged/damaged_410.jpg,0
Damaged/damaged_438.jpg,0
Damaged/damaged_160.jpg,0
Damaged/damaged_606.jpg,0
Damaged/damaged_612.jpg,0
Damaged/damaged_174.jpg,0
Damaged/damaged_148.jpg,0
Damaged/damaged_17.jpg,0
Damaged/damaged_570.jpg,0
Damaged/damaged_216.jpg,0
Damaged/damaged_202.jpg,0
Damaged/damaged_564.jpg,0
Damaged/damaged_558.jpg,0
Damaged/damaged_560.jpg,0
Damaged/damaged_206.jpg,0
Damaged/damaged_212.jpg,0
Damaged/damaged_574.jpg,0
Damaged/damaged_548.jpg,0
Damaged/damaged_13.jpg,0
Damaged/damaged_170.jpg,0
Damaged/damaged_616.jpg,0
Damaged/damaged_602.jpg,0
Damaged/damaged_164.jpg,0
Damaged/damaged_158.jpg,0
Damaged/damaged_414.jpg,0
Damaged/damaged_372.jpg,0
Damaged/damaged_366.jpg,0
Damaged/damaged_400.jpg,0
Damaged/damaged_428.jpg,0
Damaged/damaged_399.jpg,0
Damaged/damaged_398.jpg,0
Damaged/damaged_429.jpg,0
Damaged/damaged_367.jpg,0
Damaged/damaged_401.jpg,0
Damaged/damaged_415.jpg,0
Damaged/damaged_373.jpg,0
Damaged/damaged_159.jpg,0
Damaged/damaged_603.jpg,0
Damaged/damaged_165.jpg,0
Damaged/damaged_171.jpg,0
Damaged/damaged_617.jpg,0
Damaged/damaged_12.jpg,0
Damaged/damaged_549.jpg,0
Damaged/damaged_213.jpg,0
Damaged/damaged_575.jpg,0
Damaged/damaged_561.jpg,0
Damaged/damaged_207.jpg,0
Damaged/damaged_577.jpg,0
Damaged/damaged_211.jpg,0
Damaged/damaged_205.jpg,0
Damaged/damaged_563.jpg,0
Damaged/damaged_239.jpg,0
Damaged/damaged_588.jpg,0
Damaged/damaged_10.jpg,0
Damaged/damaged_38.jpg,0
Damaged/damaged_167.jpg,0
Damaged/damaged_601.jpg,0
Damaged/damaged_615.jpg,0
Damaged/damaged_173.jpg,0
Damaged/damaged_629.jpg,0
Damaged/damaged_198.jpg,0
Damaged/damaged_403.jpg,0
Damaged/damaged_365.jpg,0
Damaged/damaged_371.jpg,0
Damaged/damaged_417.jpg,0
Damaged/damaged_359.jpg,0
Damaged/damaged_358.jpg,0
Damaged/damaged_370.jpg,0
Damaged/damaged_416.jpg,0
Damaged/damaged_402.jpg,0
Damaged/damaged_364.jpg,0
Damaged/damaged_199.jpg,0
Damaged/damaged_628.jpg,0
Damaged/damaged_614.jpg,0
Damaged/damaged_172.jpg,0
Damaged/damaged_166.jpg,0
Damaged/damaged_600.jpg,0
Damaged/damaged_39.jpg,0
Damaged/damaged_11.jpg,0
Damaged/damaged_589.jpg,0
Damaged/damaged_238.jpg,0
Damaged/damaged_204.jpg,0
Damaged/damaged_562.jpg,0
Damaged/damaged_576.jpg,0
Damaged/damaged_210.jpg,0
Damaged/damaged_539.jpg,0
Damaged/damaged_511.jpg,0
Damaged/damaged_277.jpg,0
Damaged/damaged_263.jpg,0
Damaged/damaged_505.jpg,0
Damaged/damaged_288.jpg,0
Damaged/damaged_62.jpg,0
Damaged/damaged_76.jpg,0
Damaged/damaged_89.jpg,0
Damaged/damaged_129.jpg,0
Damaged/damaged_101.jpg,0
Damaged/damaged_115.jpg,0
Damaged/damaged_459.jpg,0
Damaged/damaged_465.jpg,0
Damaged/damaged_303.jpg,0
Damaged/damaged_317.jpg,0
Damaged/damaged_471.jpg,0
Damaged/damaged_316.jpg,0
Damaged/damaged_470.jpg,0
Damaged/damaged_464.jpg,0
Damaged/damaged_302.jpg,0
Damaged/damaged_458.jpg,0
Damaged/damaged_114.jpg,0
Damaged/damaged_100.jpg,0
Damaged/damaged_128.jpg,0
Damaged/damaged_88.jpg,0
Damaged/damaged_77.jpg,0
Damaged/damaged_63.jpg,0
Damaged/damaged_289.jpg,0
Damaged/damaged_262.jpg,0
Damaged/damaged_504.jpg,0
Damaged/damaged_510.jpg,0
Damaged/damaged_276.jpg,0
Damaged/damaged_538.jpg,0
Damaged/damaged_8.jpg,0
Damaged/damaged_248.jpg,0
Damaged/damaged_506.jpg,0
Damaged/damaged_260.jpg,0
Damaged/damaged_274.jpg,0
Damaged/damaged_512.jpg,0
Damaged/damaged_49.jpg,0
Damaged/damaged_75.jpg,0
Damaged/damaged_61.jpg,0
Damaged/damaged_116.jpg,0
Damaged/damaged_102.jpg,0
Damaged/damaged_328.jpg,0
Damaged/damaged_472.jpg,0
Damaged/damaged_314.jpg,0
Damaged/damaged_300.jpg,0
Damaged/damaged_466.jpg,0
Damaged/damaged_499.jpg,0
Damaged/damaged_498.jpg,0
Damaged/damaged_301.jpg,0
Damaged/damaged_467.jpg,0
Damaged/damaged_473.jpg,0
Damaged/damaged_315.jpg,0
Damaged/damaged_329.jpg,0
Damaged/damaged_103.jpg,0
Damaged/damaged_117.jpg,0
Damaged/damaged_60.jpg,0
Damaged/damaged_74.jpg,0
Damaged/damaged_48.jpg,0
Damaged/damaged_275.jpg,0
Damaged/damaged_513.jpg,0
Damaged/damaged_507.jpg,0
Damaged/damaged_261.jpg,0
Damaged/damaged_249.jpg,0
Damaged/damaged_9.jpg,0
Damaged/damaged_265.jpg,0
Damaged/damaged_503.jpg,0
Damaged/damaged_517.jpg,0
Damaged/damaged_271.jpg,0
Damaged/damaged_259.jpg,0
Damaged/damaged_70.jpg,0
Damaged/damaged_64.jpg,0
Damaged/damaged_58.jpg,0
Damaged/damaged_113.jpg,0
Damaged/damaged_107.jpg,0
Damaged/damaged_311.jpg,0
Damaged/damaged_477.jpg,0
Damaged/damaged_463.jpg,0
Damaged/damaged_305.jpg,0
Damaged/damaged_339.jpg,0
Damaged/damaged_488.jpg,0
Damaged/damaged_489.jpg,0
Damaged/damaged_338.jpg,0
Damaged/damaged_462.jpg,0
Damaged/damaged_304.jpg,0
Damaged/damaged_310.jpg,0
Damaged/damaged_476.jpg,0
Damaged/damaged_106.jpg,0
Damaged/damaged_112.jpg,0
Damaged/damaged_59.jpg,0
Damaged/damaged_65.jpg,0
Damaged/damaged_71.jpg,0
Damaged/damaged_258.jpg,0
Damaged/damaged_516.jpg,0
Damaged/damaged_270.jpg,0
Damaged/damaged_264.jpg,0
Damaged/damaged_502.jpg,0
Damaged/damaged_272.jpg,0
Damaged/damaged_514.jpg,0
Damaged/damaged_500.jpg,0
Damaged/damaged_266.jpg,0
Damaged/damaged_528.jpg,0
Damaged/damaged_299.jpg,0
Damaged/damaged_67.jpg,0
Damaged/damaged_73.jpg,0
Damaged/damaged_98.jpg,0
Damaged/damaged_104.jpg,0
Damaged/damaged_110.jpg,0
Damaged/damaged_138.jpg,0
Damaged/damaged_306.jpg,0
Damaged/damaged_460.jpg,0
Damaged/damaged_474.jpg,0
Damaged/damaged_312.jpg,0
Damaged/damaged_448.jpg,0
Damaged/damaged_449.jpg,0
Damaged/damaged_475.jpg,0
Damaged/damaged_313.jpg,0
Damaged/damaged_307.jpg,0
Damaged/damaged_461.jpg,0
Damaged/damaged_139.jpg,0
Damaged/damaged_111.jpg,0
Damaged/damaged_105.jpg,0
Damaged/damaged_99.jpg,0
Damaged/damaged_72.jpg,0
Damaged/damaged_66.jpg,0
Damaged/damaged_298.jpg,0
Damaged/damaged_529.jpg,0
Damaged/damaged_501.jpg,0
Damaged/damaged_267.jpg,0
Damaged/damaged_273.jpg,0
Damaged/damaged_515.jpg,0
Damaged/damaged_518.jpg,0
Damaged/damaged_530.jpg,0
Damaged/damaged_256.jpg,0
Damaged/damaged_2.jpg,0
Damaged/damaged_242.jpg,0
Damaged/damaged_524.jpg,0
Damaged/damaged_295.jpg,0
Damaged/damaged_281.jpg,0
Damaged/damaged_43.jpg,0
Damaged/damaged_57.jpg,0
Damaged/damaged_80.jpg,0
Damaged/damaged_94.jpg,0
Damaged/damaged_108.jpg,0
Damaged/damaged_120.jpg,0
Damaged/damaged_134.jpg,0
Damaged/damaged_478.jpg,0
Damaged/damaged_444.jpg,0
Damaged/damaged_322.jpg,0
Damaged/damaged_336.jpg,0
Damaged/damaged_450.jpg,0
Damaged/damaged_487.jpg,0
Damaged/damaged_493.jpg,0
Damaged/damaged_492.jpg,0
Damaged/damaged_486.jpg,0
Damaged/damaged_337.jpg,0
Damaged/damaged_451.jpg,0
Damaged/damaged_445.jpg,0
Damaged/damaged_323.jpg,0
Damaged/damaged_479.jpg,0
Damaged/damaged_135.jpg,0
Damaged/damaged_121.jpg,0
Damaged/damaged_109.jpg,0
Damaged/damaged_95.jpg,0
Damaged/damaged_81.jpg,0
Damaged/damaged_56.jpg,0
Damaged/damaged_42.jpg,0
Damaged/damaged_280.jpg,0
Damaged/damaged_294.jpg,0
Damaged/damaged_243.jpg,0
Damaged/damaged_3.jpg,0
Damaged/damaged_525.jpg,0
Damaged/damaged_531.jpg,0
Damaged/damaged_257.jpg,0
Damaged/damaged_519.jpg,0
Damaged/damaged_269.jpg,0
Damaged/damaged_527.jpg,0
Damaged/damaged_1.jpg,0
Damaged/damaged_241.jpg,0
Damaged/damaged_255.jpg,0
Damaged/damaged_533.jpg,0
Damaged/damaged_282.jpg,0
Damaged/damaged_296.jpg,0
Damaged/damaged_68.jpg,0
Damaged/damaged_54.jpg,0
Damaged/damaged_40.jpg,0
Damaged/damaged_97.jpg,0
Damaged/damaged_83.jpg,0
Damaged/damaged_137.jpg,0
Damaged/damaged_123.jpg,0
Damaged/damaged_309.jpg,0
Damaged/damaged_453.jpg,0
Damaged/damaged_335.jpg,0
Damaged/damaged_321.jpg,0
Damaged/damaged_447.jpg,0
Damaged/damaged_490.jpg,0
Damaged/damaged_484.jpg,0
Damaged/damaged_485.jpg,0
Damaged/damaged_491.jpg,0
Damaged/damaged_320.jpg,0
Damaged/damaged_446.jpg,0
Damaged/damaged_452.jpg,0
Damaged/damaged_334.jpg,0
Damaged/damaged_308.jpg,0
Damaged/damaged_122.jpg,0
Damaged/damaged_136.jpg,0
Damaged/damaged_82.jpg,0
Damaged/damaged_96.jpg,0
Damaged/damaged_41.jpg,0
Damaged/damaged_55.jpg,0
Damaged/damaged_69.jpg,0
Damaged/damaged_297.jpg,0
Damaged/damaged_283.jpg,0
Damaged/damaged_254.jpg,0
Damaged/damaged_532.jpg,0
Damaged/damaged_526.jpg,0
Damaged/damaged_240.jpg,0
Damaged/damaged_268.jpg,0
Damaged/damaged_4.jpg,0
Damaged/damaged_244.jpg,0
Damaged/damaged_522.jpg,0
Damaged/damaged_536.jpg,0
Damaged/damaged_250.jpg,0
Damaged/damaged_278.jpg,0
Damaged/damaged_287.jpg,0
Damaged/damaged_293.jpg,0
Damaged/damaged_51.jpg,0
Damaged/damaged_45.jpg,0
Damaged/damaged_79.jpg,0
Damaged/damaged_92.jpg,0
Damaged/damaged_86.jpg,0
Damaged/damaged_132.jpg,0
Damaged/damaged_126.jpg,0
Damaged/damaged_330.jpg,0
Damaged/damaged_456.jpg,0
Damaged/damaged_442.jpg,0
Damaged/damaged_324.jpg,0
Damaged/damaged_318.jpg,0
Damaged/damaged_495.jpg,0
Damaged/damaged_481.jpg,0
Damaged/damaged_480.jpg,0
Damaged/damaged_494.jpg,0
Damaged/damaged_319.jpg,0
Damaged/damaged_443.jpg,0
Damaged/damaged_325.jpg,0
Damaged/damaged_331.jpg,0
Damaged/damaged_457.jpg,0
Damaged/damaged_127.jpg,0
Damaged/damaged_133.jpg,0
Damaged/damaged_87.jpg,0
Damaged/damaged_93.jpg,0
Damaged/damaged_78.jpg,0
Damaged/damaged_44.jpg,0
Damaged/damaged_50.jpg,0
Damaged/damaged_292.jpg,0
Damaged/damaged_286.jpg,0
Damaged/damaged_279.jpg,0
Damaged/damaged_537.jpg,0
Damaged/damaged_251.jpg,0
Damaged/damaged_245.jpg,0
Damaged/damaged_5.jpg,0
Damaged/damaged_523.jpg,0
Damaged/damaged_253.jpg,0
Damaged/damaged_535.jpg,0
Damaged/damaged_521.jpg,0
Damaged/damaged_7.jpg,0
Damaged/damaged_247.jpg,0
Damaged/damaged_509.jpg,0
Damaged/damaged_290.jpg,0
Damaged/damaged_284.jpg,0
Damaged/damaged_46.jpg,0
Damaged/damaged_52.jpg,0
Damaged/damaged_85.jpg,0
Damaged/damaged_91.jpg,0
Damaged/damaged_125.jpg,0
Damaged/damaged_131.jpg,0
Damaged/damaged_119.jpg,0
Damaged/damaged_327.jpg,0
Damaged/damaged_441.jpg,0
Damaged/damaged_455.jpg,0
Damaged/damaged_333.jpg,0
Damaged/damaged_469.jpg,0
Damaged/damaged_482.jpg,0
Damaged/damaged_496.jpg,0
Damaged/damaged_497.jpg,0
Damaged/damaged_483.jpg,0
Damaged/damaged_468.jpg,0
Damaged/damaged_454.jpg,0
Damaged/damaged_332.jpg,0
Damaged/damaged_326.jpg,0
Damaged/damaged_440.jpg,0
Damaged/damaged_118.jpg,0
Damaged/damaged_130.jpg,0
Damaged/damaged_124.jpg,0
Damaged/damaged_90.jpg,0
Damaged/damaged_84.jpg,0
Damaged/damaged_53.jpg,0
Damaged/damaged_47.jpg,0
Damaged/damaged_285.jpg,0
Damaged/damaged_291.jpg,0
Damaged/damaged_508.jpg,0
Damaged/damaged_520.jpg,0
Damaged/damaged_246.jpg,0
Damaged/damaged_6.jpg,0
Damaged/damaged_252.jpg,0
Damaged/damaged_534.jpg,0
Damaged/damaged_209.jpg,0
Damaged/damaged_235.jpg,0
Damaged/damaged_553.jpg,0
Damaged/damaged_547.jpg,0
Damaged/damaged_221.jpg,0
Damaged/damaged_590.jpg,0
Damaged/damaged_584.jpg,0
Damaged/damaged_20.jpg,0
Damaged/damaged_34.jpg,0
Damaged/damaged_619.jpg,0
Damaged/damaged_625.jpg,0
Damaged/damaged_143.jpg,0
Damaged/damaged_157.jpg,0
Damaged/damaged_631.jpg,0
Damaged/damaged_180.jpg,0
Damaged/damaged_194.jpg,0
Damaged/damaged_369.jpg,0
Damaged/damaged_341.jpg,0
Damaged/damaged_427.jpg,0
Damaged/damaged_433.jpg,0
Damaged/damaged_355.jpg,0
Damaged/damaged_382.jpg,0
Damaged/damaged_396.jpg,0
Damaged/damaged_397.jpg,0
Damaged/damaged_383.jpg,0
Damaged/damaged_432.jpg,0
Damaged/damaged_354.jpg,0
Damaged/damaged_340.jpg,0
Damaged/damaged_426.jpg,0
Damaged/damaged_368.jpg,0
Damaged/damaged_195.jpg,0
Damaged/damaged_181.jpg,0
Damaged/damaged_156.jpg,0
Damaged/damaged_630.jpg,0
Damaged/damaged_624.jpg,0
Damaged/damaged_142.jpg,0
Damaged/damaged_618.jpg,0
Damaged/damaged_35.jpg,0
Damaged/damaged_21.jpg,0
Damaged/damaged_585.jpg,0
Damaged/damaged_591.jpg,0
Damaged/damaged_546.jpg,0
Damaged/damaged_220.jpg,0
Damaged/damaged_234.jpg,0
Damaged/damaged_552.jpg,0
Damaged/damaged_208.jpg,0
Damaged/damaged_578.jpg,0
Damaged/damaged_222.jpg,0
Damaged/damaged_544.jpg,0
Damaged/damaged_550.jpg,0
Damaged/damaged_236.jpg,0
Damaged/damaged_587.jpg,0
Damaged/damaged_593.jpg,0
Damaged/damaged_37.jpg,0
Damaged/damaged_23.jpg,0
Damaged/damaged_168.jpg,0
Damaged/damaged_632.jpg,0
Damaged/damaged_154.jpg,0
Damaged/damaged_140.jpg,0
Damaged/damaged_626.jpg,0
Damaged/damaged_197.jpg,0
Damaged/damaged_183.jpg,0
Damaged/damaged_418.jpg,0
Damaged/damaged_356.jpg,0
Damaged/damaged_430.jpg,0
Damaged/damaged_424.jpg,0
Damaged/damaged_342.jpg,0
Damaged/damaged_395.jpg,0
Damaged/damaged_381.jpg,0
Damaged/damaged_380.jpg,0
Damaged/damaged_394.jpg,0
Damaged/damaged_425.jpg,0
Damaged/damaged_343.jpg,0
Damaged/damaged_357.jpg,0
Damaged/damaged_431.jpg,0
Damaged/damaged_419.jpg,0
Damaged/damaged_182.jpg,0
Damaged/damaged_196.jpg,0
Damaged/damaged_141.jpg,0
Damaged/damaged_627.jpg,0
Damaged/damaged_155.jpg,0
Damaged/damaged_169.jpg,0
Damaged/damaged_22.jpg,0
Damaged/damaged_36.jpg,0
Damaged/damaged_592.jpg,0
Damaged/damaged_586.jpg,0
Damaged/damaged_551.jpg,0
Damaged/damaged_237.jpg,0
Damaged/damaged_223.jpg,0
Damaged/damaged_545.jpg,0
Damaged/damaged_579.jpg,0
Damaged/damaged_541.jpg,0
Damaged/damaged_227.jpg,0
Damaged/damaged_233.jpg,0
Damaged/damaged_555.jpg,0
Damaged/damaged_569.jpg,0
Damaged/damaged_582.jpg,0
Damaged/damaged_596.jpg,0
Damaged/damaged_32.jpg,0
Damaged/damaged_26.jpg,0
Damaged/damaged_151.jpg,0
Damaged/damaged_623.jpg,0
Damaged/damaged_145.jpg,0
Damaged/damaged_179.jpg,0
Damaged/damaged_192.jpg,0
Damaged/damaged_186.jpg,0
Damaged/damaged_435.jpg,0
Damaged/damaged_353.jpg,0
Damaged/damaged_347.jpg,0
Damaged/damaged_421.jpg,0
Damaged/damaged_409.jpg,0
Damaged/damaged_390.jpg,0
Damaged/damaged_384.jpg,0
Damaged/damaged_385.jpg,0
Damaged/damaged_391.jpg,0
Damaged/damaged_408.jpg,0
Damaged/damaged_346.jpg,0
Damaged/damaged_420.jpg,0
Damaged/damaged_434.jpg,0
Damaged/damaged_352.jpg,0
Damaged/damaged_187.jpg,0
Damaged/damaged_193.jpg,0
Damaged/damaged_178.jpg,0
Damaged/damaged_622.jpg,0
Damaged/damaged_144.jpg,0
Damaged/damaged_150.jpg,0
Damaged/damaged_27.jpg,0
Damaged/damaged_33.jpg,0
Damaged/damaged_597.jpg,0
Damaged/damaged_583.jpg,0
Damaged/damaged_568.jpg,0
Damaged/damaged_232.jpg,0
Damaged/damaged_554.jpg,0
Damaged/damaged_540.jpg,0
Damaged/damaged_226.jpg,0
Damaged/damaged_556.jpg,0
Damaged/damaged_230.jpg,0
Damaged/damaged_224.jpg,0
Damaged/damaged_542.jpg,0
Damaged/damaged_218.jpg,0
Damaged/damaged_595.jpg,0
Damaged/damaged_581.jpg,0
Damaged/damaged_25.jpg,0
Damaged/damaged_31.jpg,0
Damaged/damaged_19.jpg,0
Damaged/damaged_146.jpg,0
Damaged/damaged_620.jpg,0
Damaged/damaged_152.jpg,0
Damaged/damaged_608.jpg,0
Damaged/damaged_185.jpg,0
Damaged/damaged_191.jpg,0
Damaged/damaged_422.jpg,0
Damaged/damaged_344.jpg,0
Damaged/damaged_350.jpg,0
Damaged/damaged_436.jpg,0
Damaged/damaged_378.jpg,0
Damaged/damaged_387.jpg,0
Damaged/damaged_393.jpg,0
Damaged/damaged_392.jpg,0
Damaged/damaged_386.jpg,0
Damaged/damaged_379.jpg,0
Damaged/damaged_351.jpg,0
Damaged/damaged_437.jpg,0
Damaged/damaged_423.jpg,0
Damaged/damaged_345.jpg,0
Damaged/damaged_190.jpg,0
Damaged/damaged_184.jpg,0
Damaged/damaged_609.jpg,0
Damaged/damaged_153.jpg,0
Damaged/damaged_147.jpg,0
Damaged/damaged_621.jpg,0
Damaged/damaged_18.jpg,0
Damaged/damaged_30.jpg,0
Damaged/damaged_24.jpg,0
Damaged/damaged_580.jpg,0
Damaged/damaged_594.jpg,0
Damaged/damaged_219.jpg,0
Damaged/damaged_225.jpg,0
Damaged/damaged_543.jpg,0
Damaged/damaged_557.jpg,0
Damaged/damaged_231.jpg,0
Not Damaged/not_damaged_88.jpg,1
Not Damaged/not_damaged_63.jpg,1
Not Damaged/not_damaged_77.jpg,1
Not Damaged/not_damaged_161.jpg,1
Not Damaged/not_damaged_149.jpg,1
Not Damaged/not_damaged_148.jpg,1
Not Damaged/not_damaged_160.jpg,1
Not Damaged/not_damaged_76.jpg,1
Not Damaged/not_damaged_62.jpg,1
Not Damaged/not_damaged_89.jpg,1
Not Damaged/not_damaged_74.jpg,1
Not Damaged/not_damaged_60.jpg,1
Not Damaged/not_damaged_48.jpg,1
Not Damaged/not_damaged_8.jpg,1
Not Damaged/not_damaged_162.jpg,1
Not Damaged/not_damaged_163.jpg,1
Not Damaged/not_damaged_9.jpg,1
Not Damaged/not_damaged_49.jpg,1
Not Damaged/not_damaged_61.jpg,1
Not Damaged/not_damaged_75.jpg,1
Not Damaged/not_damaged_59.jpg,1
Not Damaged/not_damaged_71.jpg,1
Not Damaged/not_damaged_65.jpg,1
Not Damaged/not_damaged_64.jpg,1
Not Damaged/not_damaged_70.jpg,1
Not Damaged/not_damaged_58.jpg,1
Not Damaged/not_damaged_99.jpg,1
Not Damaged/not_damaged_66.jpg,1
Not Damaged/not_damaged_72.jpg,1
Not Damaged/not_damaged_158.jpg,1
Not Damaged/not_damaged_164.jpg,1
Not Damaged/not_damaged_159.jpg,1
Not Damaged/not_damaged_73.jpg,1
Not Damaged/not_damaged_67.jpg,1
Not Damaged/not_damaged_98.jpg,1
Not Damaged/not_damaged_14.jpg,1
Not Damaged/not_damaged_28.jpg,1
Not Damaged/not_damaged_116.jpg,1
Not Damaged/not_damaged_102.jpg,1
Not Damaged/not_damaged_103.jpg,1
Not Damaged/not_damaged_117.jpg,1
Not Damaged/not_damaged_29.jpg,1
Not Damaged/not_damaged_15.jpg,1
Not Damaged/not_damaged_17.jpg,1
Not Damaged/not_damaged_101.jpg,1
Not Damaged/not_damaged_115.jpg,1
Not Damaged/not_damaged_129.jpg,1
Not Damaged/not_damaged_128.jpg,1
Not Damaged/not_damaged_114.jpg,1
Not Damaged/not_damaged_100.jpg,1
Not Damaged/not_damaged_16.jpg,1
Not Damaged/not_damaged_12.jpg,1
Not Damaged/not_damaged_138.jpg,1
Not Damaged/not_damaged_104.jpg,1
Not Damaged/not_damaged_110.jpg,1
Not Damaged/not_damaged_111.jpg,1
Not Damaged/not_damaged_105.jpg,1
Not Damaged/not_damaged_139.jpg,1
Not Damaged/not_damaged_13.jpg,1
Not Damaged/not_damaged_39.jpg,1
Not Damaged/not_damaged_11.jpg,1
Not Damaged/not_damaged_113.jpg,1
Not Damaged/not_damaged_107.jpg,1
Not Damaged/not_damaged_106.jpg,1
Not Damaged/not_damaged_112.jpg,1
Not Damaged/not_damaged_10.jpg,1
Not Damaged/not_damaged_21.jpg,1
Not Damaged/not_damaged_35.jpg,1
Not Damaged/not_damaged_137.jpg,1
Not Damaged/not_damaged_123.jpg,1
Not Damaged/not_damaged_122.jpg,1
Not Damaged/not_damaged_136.jpg,1
Not Damaged/not_damaged_34.jpg,1
Not Damaged/not_damaged_20.jpg,1
Not Damaged/not_damaged_36.jpg,1
Not Damaged/not_damaged_22.jpg,1
Not Damaged/not_damaged_120.jpg,1
Not Damaged/not_damaged_134.jpg,1
Not Damaged/not_damaged_108.jpg,1
Not Damaged/not_damaged_109.jpg,1
Not Damaged/not_damaged_135.jpg,1
Not Damaged/not_damaged_121.jpg,1
Not Damaged/not_damaged_23.jpg,1
Not Damaged/not_damaged_37.jpg,1
Not Damaged/not_damaged_33.jpg,1
Not Damaged/not_damaged_27.jpg,1
Not Damaged/not_damaged_119.jpg,1
Not Damaged/not_damaged_125.jpg,1
Not Damaged/not_damaged_131.jpg,1
Not Damaged/not_damaged_130.jpg,1
Not Damaged/not_damaged_124.jpg,1
Not Damaged/not_damaged_118.jpg,1
Not Damaged/not_damaged_32.jpg,1
Not Damaged/not_damaged_18.jpg,1
Not Damaged/not_damaged_24.jpg,1
Not Damaged/not_damaged_30.jpg,1
Not Damaged/not_damaged_132.jpg,1
Not Damaged/not_damaged_126.jpg,1
Not Damaged/not_damaged_127.jpg,1
Not Damaged/not_damaged_133.jpg,1
Not Damaged/not_damaged_31.jpg,1
Not Damaged/not_damaged_25.jpg,1
Not Damaged/not_damaged_19.jpg,1
Not Damaged/not_damaged_81.jpg,1
Not Damaged/not_damaged_95.jpg,1
Not Damaged/not_damaged_42.jpg,1
Not Damaged/not_damaged_2.jpg,1
Not Damaged/not_damaged_56.jpg,1
Not Damaged/not_damaged_154.jpg,1
Not Damaged/not_damaged_140.jpg,1
Not Damaged/not_damaged_141.jpg,1
Not Damaged/not_damaged_155.jpg,1
Not Damaged/not_damaged_57.jpg,1
Not Damaged/not_damaged_3.jpg,1
Not Damaged/not_damaged_43.jpg,1
Not Damaged/not_damaged_94.jpg,1
Not Damaged/not_damaged_80.jpg,1
Not Damaged/not_damaged_96.jpg,1
Not Damaged/not_damaged_82.jpg,1
Not Damaged/not_damaged_1.jpg,1
Not Damaged/not_damaged_55.jpg,1
Not Damaged/not_damaged_41.jpg,1
Not Damaged/not_damaged_69.jpg,1
Not Damaged/not_damaged_143.jpg,1
Not Damaged/not_damaged_157.jpg,1
Not Damaged/not_damaged_156.jpg,1
Not Damaged/not_damaged_142.jpg,1
Not Damaged/not_damaged_68.jpg,1
Not Damaged/not_damaged_40.jpg,1
Not Damaged/not_damaged_54.jpg,1
Not Damaged/not_damaged_83.jpg,1
Not Damaged/not_damaged_97.jpg,1
Not Damaged/not_damaged_93.jpg,1
Not Damaged/not_damaged_87.jpg,1
Not Damaged/not_damaged_78.jpg,1
Not Damaged/not_damaged_4.jpg,1
Not Damaged/not_damaged_50.jpg,1
Not Damaged/not_damaged_44.jpg,1
Not Damaged/not_damaged_146.jpg,1
Not Damaged/not_damaged_152.jpg,1
Not Damaged/not_damaged_153.jpg,1
Not Damaged/not_damaged_147.jpg,1
Not Damaged/not_damaged_45.jpg,1
Not Damaged/not_damaged_51.jpg,1
Not Damaged/not_damaged_5.jpg,1
Not Damaged/not_damaged_79.jpg,1
Not Damaged/not_damaged_86.jpg,1
Not Damaged/not_damaged_92.jpg,1
Not Damaged/not_damaged_84.jpg,1
Not Damaged/not_damaged_90.jpg,1
Not Damaged/not_damaged_47.jpg,1
Not Damaged/not_damaged_7.jpg,1
Not Damaged/not_damaged_53.jpg,1
Not Damaged/not_damaged_151.jpg,1
Not Damaged/not_damaged_145.jpg,1
Not Damaged/not_damaged_144.jpg,1
Not Damaged/not_damaged_150.jpg,1
Not Damaged/not_damaged_52.jpg,1
Not Damaged/not_damaged_6.jpg,1
Not Damaged/not_damaged_46.jpg,1
Not Damaged/not_damaged_91.jpg,1
Not Damaged/not_damaged_85.jpg,1
